id,revenue
3001,6164286.1
3002,5205737.12
3003,9920664.04
3004,15684366.74
3005,4635914.62
3006,36110795.2
3007,8366301.6
3008,80116849.52
3009,45128924.18
3010,412618325.44
3011,643573.44
3012,2016021.7
3013,63119685.66
3014,934431.68
3015,39104145.3
3016,3277673.16
3017,79499847.1
3018,230169482.18
3019,30226075.1
3020,803853190.0
3021,104289141.14
3022,77154603.68
3023,1456307.72
3024,52416676.96
3025,395283.88
3026,156679995.54
3027,11936039.5
3028,114206569.72
3029,447744.18
3030,91618166.1
3031,26771194.18
3032,11686193.86
3033,2136529.58
3034,588410.06
3035,12292559.0
3036,19593275.8
3037,77617969.86
3038,38781311.22
3039,59396536.1
3040,5950994.34
3041,30378049.46
3042,3282611.02
3043,15545773.7
3044,11136781.76
3045,362513278.08
3046,13598583.76
3047,6503959.42
3048,46643515.08
3049,78085416.84
3050,63145862.76
3051,510301.36
3052,35786374.48
3053,475943.34
3054,7614215.16
3055,86888046.06
3056,2610217.74
3057,88542697.16
3058,586248538.94
3059,4372355.6
3060,110379383.34
3061,74373156.38
3062,47701947.0
3063,56887779.82
3064,170718047.08
3065,22727124.06
3066,83439687.82
3067,5426687.86
3068,80437955.58
3069,267643208.04
3070,3121971.68
3071,17975301.2
3072,674254031.44
3073,7484475.44
3074,2367744.1
3075,73987398.2
3076,205753359.3
3077,35626806.06
3078,89314332.7
3079,65339856.08
3080,128979566.78
3081,48521477.0
3082,25348864.62
3083,15311534.92
3084,709926.92
3085,56765696.6
3086,79192906.62
3087,445445.42
3088,1457829.28
3089,722729.82
3090,60491836.02
3091,56856267.6
3092,14847282.6
3093,368395559.5
3094,127837578.66
3095,45423737.2
3096,4357739.56
3097,822371025.78
3098,32594123.74
3099,90945588.68
3100,8630585.86
3101,28397884.2
3102,12736482.76
3103,3114184.84
3104,3611262.42
3105,172091160.0
3106,55083179.04
3107,53212984.84
3108,9858852.52
3109,34824667.94
3110,385643681.58
3111,15263748.16
3112,7809337.3
3113,29342864.64
3114,59549027.48
3115,44500408.66
3116,18181832.8
3117,4563568.18
3118,3030517.58
3119,284904731.5
3120,329195149.12
3121,28295110.14
3122,22781818.74
3123,22313473.12
3124,6775707.4
3125,1679821.66
3126,53459438.3
3127,6583870.54
3128,43812091.28
3129,380956629.5
3130,28705196.22
3131,2884863.24
3132,15467850.32
3133,4143616.64
3134,29997633.8
3135,4298729.88
3136,5574349.74
3137,221168632.08
3138,1721702.54
3139,74565537.18
3140,123650845.12
3141,18972701.36
3142,5793021.08
3143,137938661.7
3144,23804170.2
3145,44398805.5
3146,4708730.48
3147,36089675.38
3148,5056407.62
3149,106614105.14
3150,70699211.1
3151,21191964.46
3152,36827281.04
3153,4702979.9
3154,12008952.22
3155,44174796.32
3156,28961557.48
3157,36336329.08
3158,242507148.6
3159,31059703.42
3160,34564861.42
3161,1601885.76
3162,8691197.0
3163,60432612.86
3164,9416930.58
3165,2283400.68
3166,2512187.24
3167,101389196.04
3168,6036886.0
3169,67801930.38
3170,23639136.24
3171,42179075.46
3172,39082322.48
3173,1704986.92
3174,3309314.1
3175,10986502.24
3176,44559857.36
3177,104475457.8
3178,8417031.42
3179,26647401.0
3180,11601819.7
3181,1695520.64
3182,406242229.6
3183,25836415.68
3184,55596592.82
3185,105648877.24
3186,52666282.0
3187,24268106.86
3188,25936048.4
3189,124816999.46
3190,42426472.24
3191,29532686.38
3192,5808749.0
3193,280412804.56
3194,94232319.08
3195,843915.04
3196,4239862.88
3197,32822108.7
3198,140190398.18
3199,342051535.26
3200,19483065.84
3201,3725263.02
3202,29750216.76
3203,4608222.94
3204,7390162.62
3205,2469908.38
3206,47499675.34
3207,64674647.1
3208,17610034.7
3209,10542496.16
3210,504165753.9
3211,4544761.78
3212,56249090.4
3213,131379493.56
3214,10047819.86
3215,7672654.24
3216,27939178.08
3217,422155546.82
3218,5487866.74
3219,8871898.8
3220,224203471.6
3221,9694513.54
3222,12954333.08
3223,53245239.74
3224,4291434.7
3225,3651987.34
3226,2399187.24
3227,85099656.54
3228,146486791.72
3229,161621656.06
3230,27961099.98
3231,79699232.04
3232,48845266.5
3233,9602952.92
3234,5288586.82
3235,35585078.88
3236,948835.18
3237,30626370.36
3238,6898915.3
3239,4577927.1
3240,369630621.72
3241,9665337.88
3242,13868875.62
3243,7979323.52
3244,7281577.54
3245,8047764.46
3246,37589252.76
3247,48717405.7
3248,83175532.3
3249,58272712.16
3250,360040729.88
3251,2668887.98
3252,26736890.96
3253,110038172.78
3254,4299863.28
3255,3403050.76
3256,67746532.44
3257,60694592.98
3258,37940391.24
3259,59344097.04
3260,1696860.94
3261,544699354.1
3262,45840419.54
3263,1648127.42
3264,2193535.46
3265,226328.76
3266,430475.62
3267,120001002.36
3268,188654.0
3269,39200239.4
3270,91740170.26
3271,11125485.94
3272,20625193.5
3273,27257052.7
3274,484978263.78
3275,41051066.6
3276,5617678.92
3277,56073827.36
3278,93834440.86
3279,29461446.42
3280,257695935.9
3281,1710505.8
3282,5294577.34
3283,410061340.72
3284,90787352.02
3285,112895334.84
3286,5163344.48
3287,10547419.06
3288,41068069.88
3289,90005793.12
3290,145642901.38
3291,22863742.24
3292,289942363.56
3293,109353630.48
3294,22550916.3
3295,13433599.66
3296,10647857.42
3297,6723281.52
3298,75349583.32
3299,10121404.82
3300,27471968.28
3301,467283.06
3302,13375605.6
3303,11766849.8
3304,24968260.8
3305,46829024.36
3306,1555373.84
3307,55942067.3
3308,18536107.74
3309,14729434.68
3310,7555556.9
3311,12156975.58
3312,52911057.88
3313,125158714.14
3314,60897793.36
3315,110395055.82
3316,26993499.2
3317,10757862.7
3318,1831256.78
3319,4717897.64
3320,30834925.56
3321,45506541.42
3322,6772889.92
3323,196485790.14
3324,33805413.72
3325,121271123.94
3326,239717625.22
3327,115203107.74
3328,27844143.54
3329,13628873.9
3330,159039851.28
3331,8725598.58
3332,45785182.6
3333,186522530.94
3334,10641109.72
3335,52789715.98
3336,19893864.88
3337,1535328.2
3338,25746771.08
3339,4933552.64
3340,119264538.8
3341,21209420.92
3342,78640108.8
3343,56127458.24
3344,4809893.9
3345,2052025.26
3346,34948531.92
3347,874307.46
3348,34016615.24
3349,88041423.9
3350,157241937.7
3351,55726688.7
3352,6666976.14
3353,117782931.62
3354,2398168.2
3355,3832731.62
3356,36656182.98
3357,6800531.88
3358,33606145.38
3359,36263924.26
3360,29689739.84
3361,265301269.3
3362,23375335.72
3363,36430336.58
3364,16189523.24
3365,1678665.86
3366,102166027.18
3367,181860707.34
3368,2214266.4
3369,89215186.82
3370,90372298.88
3371,64285939.7
3372,91471474.38
3373,137979846.42
3374,7771571.26
3375,87511419.36
3376,45779335.4
3377,13660787.92
3378,24833335.48
3379,291799116.58
3380,45892184.08
3381,11261957.86
3382,4069261.92
3383,5363515.52
3384,36168499.48
3385,95407981.3
3386,7194263.04
3387,9621011.68
3388,190517303.34
3389,1150990987.16
3390,44266144.58
3391,13216282.54
3392,27202754.6
3393,21746478.4
3394,238994986.5
3395,98836003.16
3396,10227583.96
3397,660391.34
3398,326811330.46
3399,90019921.38
3400,24095906.58
3401,7457352.38
3402,3285299.82
3403,155015538.38
3404,19938985.72
3405,37371405.46
3406,185556449.68
3407,241921051.08
3408,73348385.6
3409,9343840.3
3410,44200411.58
3411,60332628.6
3412,26607022.22
3413,98644086.82
3414,10217191.36
3415,42968575.74
3416,118118531.86
3417,94670516.26
3418,137672409.82
3419,315198048.72
3420,4457805.54
3421,22788111.74
3422,6149623.12
3423,369536973.64
3424,1434683.28
3425,7950809.18
3426,67488059.68
3427,40291997.48
3428,4583881.48
3429,45345401.94
3430,881862384.64
3431,6615244.8
3432,23323594.38
3433,12336995.7
3434,7201819.76
3435,364704902.64
3436,183075414.58
3437,45486715.32
3438,16329196.74
3439,182010345.76
3440,97106272.66
3441,137392731.3
3442,9836878.44
3443,7009132.48
3444,3853358.48
3445,66905476.24
3446,1723194.34
3447,21323577.56
3448,28608107.54
3449,11895399.34
3450,78035788.26
3451,87387780.42
3452,36066990.04
3453,90201356.16
3454,24829290.76
3455,12494921.36
3456,174011577.82
3457,38001958.76
3458,29432857.32
3459,601177320.56
3460,87229135.3
3461,20944484.12
3462,33513179.54
3463,70374338.0
3464,1309311.2
3465,49126406.0
3466,75443060.84
3467,29511613.84
3468,152992541.08
3469,7173349.44
3470,1379791.16
3471,59034428.14
3472,4821433.96
3473,92494718.9
3474,46892026.8
3475,271004358.88
3476,7394865.92
3477,51985037.24
3478,8896396.36
3479,244807727.0
3480,20940625.9
3481,13226326.98
3482,3489165.02
3483,5733888.92
3484,5331706.64
3485,75703633.86
3486,155603040.54
3487,68982826.48
3488,116329569.2
3489,16360564.26
3490,53026321.14
3491,52978697.76
3492,13368308.94
3493,73338127.24
3494,9735174.58
3495,102064895.52
3496,9933952.9
3497,94091739.8
3498,5888735.2
3499,20145309.9
3500,477427.54
3501,202106064.94
3502,67127171.6
3503,45335233.9
3504,109671115.32
3505,8834706.72
3506,85520670.88
3507,249366593.16
3508,32750962.0
3509,16963463.18
3510,35903706.42
3511,27088914.9
3512,167233727.44
3513,14378888.06
3514,65811273.64
3515,5772375.7
3516,24441762.5
3517,545020632.9
3518,34331860.08
3519,9089411.54
3520,11858625.64
3521,462075.24
3522,18491369.9
3523,30408319.04
3524,66584598.8
3525,194742231.84
3526,88043473.0
3527,44632901.9
3528,13578835.58
3529,604161512.86
3530,45431482.96
3531,72939201.8
3532,132023538.0
3533,47885369.72
3534,61032797.0
3535,256991604.8
3536,28102788.78
3537,79775134.64
3538,111473027.08
3539,61525380.8
3540,36127356.24
3541,26259562.48
3542,33144164.78
3543,634608.62
3544,33063694.86
3545,2866240.86
3546,2528986.04
3547,242826062.98
3548,531870284.68
3549,7758816.36
3550,505365676.44
3551,159328560.52
3552,107190802.3
3553,93001097.4
3554,171517885.78
3555,130302469.0
3556,90180497.04
3557,29488261.1
3558,172909923.94
3559,89494529.5
3560,16174240.36
3561,89436671.8
3562,52805040.04
3563,12918123.6
3564,3338750.9
3565,7767953.84
3566,75676928.86
3567,22166755.72
3568,6934288.42
3569,109256072.74
3570,7976936.66
3571,67852171.48
3572,216574290.52
3573,9581659.26
3574,32085615.54
3575,15732351.86
3576,24667162.18
3577,8971291.68
3578,56486110.74
3579,45361478.82
3580,34295634.04
3581,63310112.28
3582,72738879.44
3583,2362821.62
3584,45718205.5
3585,69410259.88
3586,38271737.76
3587,4382171.96
3588,8538917.48
3589,19798951.78
3590,30238927.16
3591,359512891.14
3592,3860384.26
3593,5458148.48
3594,9694554.38
3595,34716086.66
3596,32916823.56
3597,22869794.24
3598,64969835.38
3599,19576489.02
3600,9028130.62
3601,1606644.3
3602,3114064.44
3603,26624652.54
3604,5684833.18
3605,50801066.12
3606,4261585.9
3607,89327894.52
3608,226960571.66
3609,8285426.62
3610,24946500.4
3611,736304.4
3612,33034263.04
3613,17271596.2
3614,74341162.26
3615,36021100.16
3616,35639220.4
3617,20820330.34
3618,106847550.0
3619,1460396.24
3620,107195630.2
3621,383223730.94
3622,332884211.88
3623,112975692.38
3624,3013669.68
3625,3038447.98
3626,61329926.96
3627,48165247.96
3628,543367210.52
3629,9963670.6
3630,902843.3
3631,195764220.34
3632,48661457.44
3633,62415454.7
3634,2999788.78
3635,5127956.88
3636,33066420.38
3637,4006773.8
3638,30926533.72
3639,95982427.54
3640,535129618.56
3641,28947790.62
3642,3580095.02
3643,24551074.72
3644,27199614.06
3645,32791081.66
3646,40305458.94
3647,64123484.88
3648,9350106.78
3649,16265542.6
3650,77211892.32
3651,397178645.44
3652,11325232.64
3653,240295250.86
3654,19700250.96
3655,25319716.7
3656,17423234.84
3657,3151244.58
3658,13154274.36
3659,121722217.02
3660,471194364.76
3661,18319147.9
3662,45038475.64
3663,452180639.42
3664,1659078.22
3665,2017503.44
3666,20556440.32
3667,109628262.94
3668,28175802.62
3669,7222620.44
3670,37235392.52
3671,52101154.56
3672,23007109.9
3673,194017006.46
3674,50231392.82
3675,400350495.66
3676,86051232.52
3677,13198582.98
3678,22963471.94
3679,31355810.88
3680,16291747.32
3681,18437257.18
3682,172758982.44
3683,11057196.28
3684,82238545.68
3685,159375931.34
3686,5861709.84
3687,141684784.68
3688,6287072.92
3689,3576770.06
3690,85822949.82
3691,6403426.26
3692,5108742.68
3693,157439146.12
3694,79261967.4
3695,128268208.64
3696,51040760.86
3697,63214806.8
3698,65783621.58
3699,30832009.2
3700,7155513.76
3701,28963716.28
3702,252912.42
3703,56901976.04
3704,114477477.58
3705,10430989.8
3706,79001919.54
3707,3268495.32
3708,19537584.74
3709,411240903.04
3710,31341069.14
3711,6564195.86
3712,24835976.22
3713,40221124.02
3714,46972504.42
3715,20752705.38
3716,5988062.14
3717,938960.92
3718,15688782.06
3719,31580220.58
3720,18879324.58
3721,1342660.72
3722,83768268.52
3723,2407118.06
3724,11597118.32
3725,25396867.44
3726,14449773.12
3727,85890425.86
3728,145641510.84
3729,42470687.62
3730,77796347.24
3731,188373444.34
3732,3064675.86
3733,184985578.18
3734,351375374.46
3735,23590701.22
3736,22528691.96
3737,32814482.74
3738,779675.8
3739,20155002.6
3740,18118974.02
3741,8460736.12
3742,68941179.04
3743,27188087.54
3744,191036517.26
3745,80083801.16
3746,185294207.1
3747,3597468.1
3748,16013777.2
3749,10580678.54
3750,1449690.52
3751,13291368.14
3752,3563541.48
3753,27682675.46
3754,64249826.76
3755,119519525.5
3756,30410082.98
3757,311019813.24
3758,177822506.86
3759,6758571.18
3760,219514242.0
3761,88985191.0
3762,274600566.9
3763,12049475.22
3764,75004209.74
3765,10702942.22
3766,12114995.46
3767,70608389.48
3768,21145983.12
3769,2728050.68
3770,37576591.78
3771,56792304.6
3772,68837786.14
3773,35524387.28
3774,25780906.6
3775,220139706.76
3776,104021788.02
3777,8394038.58
3778,2239640.22
3779,16643367.38
3780,10568088.72
3781,42286873.14
3782,8622689.44
3783,25001792.7
3784,9192072.7
3785,277923186.36
3786,20542492.8
3787,222676209.18
3788,557418797.12
3789,21207194.14
3790,7466475.06
3791,26084144.44
3792,488557.76
3793,4831148.66
3794,18570401.5
3795,704035767.64
3796,21778110.94
3797,53614035.6
3798,79897722.6
3799,12059970.7
3800,2439024.68
3801,93609348.28
3802,4008442.02
3803,23699734.76
3804,1169319.56
3805,26802358.36
3806,149657890.06
3807,14153410.76
3808,4494601.3
3809,42532496.82
3810,10178667.48
3811,15482930.64
3812,8380812.2
3813,3138354.34
3814,17581636.66
3815,115346864.88
3816,141637347.32
3817,266067128.76
3818,124530263.72
3819,115547459.38
3820,91387930.8
3821,107386807.46
3822,13349245.94
3823,9287122.26
3824,8659025.62
3825,22430458.32
3826,73623776.16
3827,48008505.12
3828,16020254.2
3830,56512784.56
3831,1501699.72
3832,189242573.04
3833,38966072.54
3834,31560742.38
3835,25205493.14
3836,6289311.38
3837,45680803.68
3838,143306951.32
3839,8822395.92
3840,42517901.56
3841,45737448.1
3842,4595214.26
3843,64581153.94
3844,1597347.2
3845,350394.66
3846,5920968.92
3847,777391.66
3848,7791020.94
3849,117553968.36
3850,39295729.08
3851,61838468.36
3852,7371906.02
3853,126597912.38
3854,7029088.24
3855,2194562.3
3856,36701893.04
3857,662107654.62
3858,726457.7
3859,13937085.02
3860,50700281.34
3861,136178859.8
3862,20939912.64
3863,98818814.48
3864,107287467.72
3865,83974640.54
3866,9688256.62
3867,70748866.44
3868,11614274.28
3869,86496499.2
3870,149532905.5
3871,586813536.88
3872,48936877.02
3873,61181201.46
3874,7344385.38
3875,57112465.12
3876,1742392.92
3877,93360507.28
3878,195895263.26
3879,437486838.24
3880,18171890.4
3881,236995.0
3882,6918913.24
3883,2784289.78
3884,205538620.76
3885,14317664.52
3886,61370224.96
3887,14617047.0
3888,11826803.94
3889,90621943.4
3890,125092938.7
3891,7900705.0
3892,7707654.42
3893,446704634.48
3894,88114839.74
3895,67083606.44
3896,44585590.76
3897,12573457.14
3898,43475489.7
3899,540146640.98
3900,108174708.74
3901,9557184.16
3902,222441.44
3903,10008617.88
3904,16725424.36
3905,12938044.92
3906,117565082.9
3907,9452573.16
3908,11055263.5
3909,2281203.08
3910,66740180.1
3911,3758839.84
3912,22542239.6
3913,100014724.2
3914,44980060.24
3915,246058641.46
3916,842031.54
3917,8069070.06
3918,7806459.92
3919,94688592.96
3920,38034539.86
3921,1549798.9
3922,7909363.12
3923,29720377.4
3924,41644277.04
3925,228378490.7
3926,5763203.58
3927,85328005.42
3928,96813993.56
3929,73964485.92
3930,4530818.06
3931,15353081.58
3932,27198682.94
3933,32471525.06
3934,78197681.36
3935,1820338.28
3936,2025606.4
3937,268313979.2
3938,5100062.44
3939,47062869.28
3940,6656517.54
3941,43510913.22
3942,191667039.0
3943,686903472.22
3944,35772352.2
3945,78625041.22
3946,3557689.14
3947,68157334.92
3948,5848333.62
3949,1091172.38
3950,4876290.8
3951,38621829.62
3952,106456191.5
3953,84190371.92
3954,455498056.88
3955,42514403.94
3956,113985901.06
3957,34133707.04
3958,4054861.42
3959,21444824.08
3960,3987267.86
3961,89814645.44
3962,3388165.72
3963,35847263.04
3964,762853783.72
3965,134344103.34
3966,43968288.24
3967,365652540.78
3968,66175980.86
3969,11117843.8
3970,27638816.9
3971,22221527.7
3972,31172752.82
3973,98271221.68
3974,651845.94
3975,250645801.06
3976,110481220.84
3977,96411953.14
3978,131508849.16
3979,11666471.0
3980,6154113.48
3981,2154672.5
3982,7761167.76
3983,37568966.18
3984,324881980.14
3985,7358596.1
3986,792169323.84
3987,22376715.94
3988,16571684.56
3989,79504018.78
3990,39307369.56
3991,1355649.68
3992,2827323.32
3993,30859249.28
3994,60538226.38
3995,34501841.74
3996,67260593.9
3997,14240791.68
3998,103156531.52
3999,62522852.84
4000,48151624.34
4001,14200866.0
4002,235105106.38
4003,584403.56
4004,52202456.54
4005,1025125.54
4006,51008434.78
4007,2985035.84
4008,18553818.46
4009,20498351.58
4010,22822544.16
4011,42115892.44
4012,164209502.0
4013,63984913.82
4014,13875282.6
4015,76887380.14
4016,48798540.48
4017,14367520.06
4018,169086204.3
4019,374454966.9
4020,13208598.66
4021,106406570.7
4022,13546723.26
4023,199308388.1
4024,26899967.34
4025,456572.54
4026,115813012.9
4027,89905060.14
4028,5991735.86
4029,1134229.32
4030,39678376.7
4031,136021004.76
4032,397924.34
4033,11734794.28
4034,1421970.66
4035,122157530.38
4036,8094660.48
4037,39678763.12
4038,14698923.26
4039,44025134.88
4040,21848421.62
4041,9639225.94
4042,75767020.26
4043,11744779.32
4044,67559073.78
4045,173318049.96
4046,41150241.18
4047,455127420.52
4048,26184453.7
4049,3556573.92
4050,1712293.36
4051,406004327.5
4052,30595340.22
4053,5294862.7
4054,30325133.98
4055,26618764.6
4056,19646853.96
4057,433639.68
4058,78174287.44
4059,12547813.24
4060,98189132.6
4061,161669453.14
4062,60956885.16
4063,25580743.68
4064,467760862.42
4065,111597705.08
4066,8778548.3
4067,54393603.28
4068,13133376.38
4069,20600202.04
4070,32031377.64
4071,31745323.1
4072,41793322.14
4073,109830237.58
4074,21889125.26
4075,13563039.44
4076,61192101.1
4077,292734980.34
4078,13270606.28
4079,90827047.22
4080,6543456.32
4081,14434147.14
4082,302932578.96
4083,65107145.4
4084,2545902.68
4085,10659259.78
4086,131040756.2
4087,8771124.36
4088,50664322.36
4089,42768990.88
4090,6301490.3
4091,173030754.36
4092,53176869.68
4093,39170523.78
4094,10198800.0
4095,224044220.54
4096,18836733.34
4097,44952903.08
4098,17469965.32
4099,20277152.56
4100,64832902.86
4101,36614317.12
4102,12368654.86
4103,74340034.54
4104,13962780.22
4105,2384281.18
4106,10919891.68
4107,1833876.68
4108,25142561.68
4109,5312089.74
4110,36139321.22
4111,9061176.5
4112,19742107.2
4113,9039114.16
4114,370241582.76
4115,7068000.26
4116,27554786.84
4117,9746074.72
4118,50576005.54
4119,37793523.78
4120,6892422.74
4121,8130331.28
4122,161721497.36
4123,20270192.14
4124,54622213.2
4125,68044140.84
4126,11560633.4
4127,9920626.08
4128,13967245.74
4129,3426615.04
4130,10877928.96
4131,124646008.78
4132,131098581.04
4133,32221458.66
4134,25576145.5
4135,27968482.22
4136,528798792.92
4137,6847057.02
4138,38403920.16
4139,20520481.3
4140,7823357.96
4141,21773983.28
4142,64261040.44
4143,67708249.8
4144,3742865.34
4145,55372147.42
4146,7688828.88
4147,566268.84
4148,29498329.42
4149,17296635.4
4150,3012372.18
4151,28957094.52
4152,46514098.18
4153,36758276.24
4154,9058401.42
4155,40177886.1
4156,5539498.34
4157,6969043.52
4158,25462414.88
4159,108827930.02
4160,484013701.94
4161,67620004.3
4162,38868388.38
4163,82140472.1
4164,14392606.26
4165,10639960.38
4166,4066729.86
4167,308916098.44
4168,11749829.08
4169,3677490.52
4170,10100375.44
4171,159367608.02
4172,113695723.24
4173,64146467.66
4174,4810412.4
4175,9015450.0
4176,29986060.56
4177,142898.9
4178,394873231.8
4179,2289413.48
4180,116945059.7
4181,66332038.94
4182,19294056.3
4183,117842874.76
4184,34879448.68
4185,7926024.66
4186,25260044.8
4187,27328280.12
4188,18327157.82
4189,10166953.12
4190,408586.58
4191,12169589.3
4192,711173.02
4193,258415560.04
4194,222760770.36
4195,21090194.62
4196,9112008.02
4197,52742047.64
4198,1421424.24
4199,15105898.96
4200,102458232.98
4201,89960088.98
4202,125517963.88
4203,22068759.02
4204,66033235.16
4205,3513411.74
4206,53996542.78
4207,412296979.66
4208,433429969.22
4209,106118703.46
4210,87605764.7
4211,31142210.88
4212,539767818.64
4213,6910414.6
4214,32024273.24
4215,11318188.18
4216,2854796.5
4217,5944934.88
4218,56503385.24
4219,19022103.06
4220,40049986.74
4221,363900.14
4222,35925202.32
4223,88149236.34
4224,9988143.92
4225,44842449.06
4226,18621790.16
4227,41447063.74
4228,1074188.64
4229,79409297.7
4230,40648275.34
4231,10061053.48
4232,51668165.88
4233,65186539.34
4234,54451951.86
4235,33198925.44
4236,14755213.5
4237,61295545.68
4238,74622570.52
4239,194620299.76
4240,442082822.82
4241,209128233.3
4242,40127197.34
4243,5032173.96
4244,86831745.16
4245,3349194.38
4246,4648889.54
4247,63542311.02
4248,22988915.76
4249,23187817.58
4250,55493976.28
4251,5863300.2
4252,139820548.46
4253,72609241.66
4254,83571434.42
4255,59031871.66
4256,289275367.22
4257,168983248.98
4258,34057345.44
4259,7420446.36
4260,160505323.44
4261,16177918.84
4262,6042719.06
4263,5635036.5
4264,470725318.58
4265,11709723.2
4266,11292637.88
4267,28906018.4
4268,9269243.94
4269,35242869.0
4270,550183710.92
4271,23791959.42
4272,223217.76
4273,68242101.84
4274,77456376.84
4275,10910509.78
4276,44095586.38
4277,60894421.9
4278,24896773.56
4279,93078247.42
4280,2375798.48
4281,5999111.88
4282,60191243.72
4283,1865175.7
4284,17721224.24
4285,897032.46
4286,601373713.42
4287,38226401.08
4288,56957750.3
4289,153453431.68
4290,89554467.3
4291,21677278.12
4292,16399418.6
4293,14983507.38
4294,127074793.56
4295,125677663.48
4296,43213000.06
4297,106381954.3
4298,17712673.68
4299,12889433.08
4300,111530430.04
4301,29464387.5
4302,20540607.6
4303,7628626.3
4304,58647634.04
4305,32120263.32
4306,53718498.44
4307,432600.62
4308,1292730.98
4309,67689412.1
4310,3794739.08
4311,7324338.02
4312,77219463.92
4313,221131091.3
4314,11700347.36
4315,124855971.7
4316,272723610.08
4317,1994092.84
4318,41588816.16
4319,1197766.12
4320,4916758.52
4321,67064048.72
4322,8365428.18
4323,20853502.9
4324,11740069.1
4325,5736502.32
4326,25010700.94
4327,89470337.48
4328,12158056.2
4329,2702581.8
4330,869620516.7
4331,59786411.24
4332,74148387.78
4333,8984160.86
4334,91390311.8
4335,103134304.86
4336,59953765.88
4337,1360253.8
4338,305543610.62
4339,121868982.82
4340,31924336.3
4341,36561371.98
4342,14790041.26
4343,25679416.96
4344,4108245.96
4345,12312162.64
4346,62273539.54
4347,161165357.3
4348,4839258.56
4349,260946252.7
4350,8494502.64
4351,361834752.3
4352,9577017.62
4353,135329796.2
4354,47831706.76
4355,50864188.98
4356,10849913.5
4357,145879735.74
4358,16913575.48
4359,39563403.12
4360,59192150.36
4361,136098022.6
4362,2707675.8
4363,85273448.12
4364,148948405.14
4365,8461041.04
4366,56518757.78
4367,47958371.44
4368,102555787.08
4369,31004259.96
4370,94795651.16
4371,86861997.94
4372,28609707.3
4373,12167948.52
4374,98902171.24
4375,5535181.08
4376,313308.18
4377,15154497.06
4378,94034788.48
4379,168138029.46
4380,90004880.92
4381,223979150.76
4382,442246976.34
4383,237181964.56
4384,42582954.98
4385,27944835.8
4386,136683633.54
4387,54676951.7
4388,19940207.04
4389,272746137.44
4390,8222960.46
4391,6288749.4
4392,193432257.26
4393,81018550.54
4394,44545859.5
4395,14510911.3
4396,61649389.88
4397,83443212.36
4398,148315572.22
4399,1885140.64
4400,11965680.82
4401,17859578.2
4402,16148747.62
4403,46362806.18
4404,85733494.42
4405,50558137.58
4406,2276938.44
4407,9134964.74
4408,4980021.36
4409,3050481.8
4410,25375955.88
4411,6626862.74
4412,93750246.58
4413,42046140.12
4414,2999978.42
4415,28700245.5
4416,1158333.32
4417,241921043.5
4418,5611026.72
4419,63102346.08
4420,493507723.58
4421,3817914.46
4422,5907798.24
4423,6064349.26
4424,8552403.08
4425,37181466.14
4426,60805978.78
4427,74288616.4
4428,5156407.36
4429,3931788.3
4430,482710.36
4431,9721348.54
4432,160687976.4
4433,186471947.06
4434,480814127.16
4435,24229430.58
4436,14987450.86
4437,8490332.88
4438,2437896.9
4439,22127333.4
4440,3398841.6
4441,53766065.62
4442,5404124.4
4443,4858747.42
4444,10452152.3
4445,20119967.36
4446,1325072.46
4447,121824312.68
4448,24051524.3
4449,10794686.6
4450,139859061.28
4451,471731833.98
4452,35814563.22
4453,1318226.72
4454,592438.06
4455,12465539.58
4456,67404696.0
4457,7838715.56
4458,6887551.22
4459,66440325.6
4460,12913752.28
4461,99707120.84
4462,86447682.26
4463,7513939.68
4464,88387729.52
4465,26951073.64
4466,2434029.52
4467,39974708.3
4468,4462349.52
4469,35665647.2
4470,27799537.92
4471,1718966.66
4472,93901055.7
4473,21675849.64
4474,16866664.16
4475,5222871.7
4476,1004740.8
4477,71349275.26
4478,8653952.28
4479,8115905.04
4480,86452668.74
4481,15816621.36
4482,49546291.2
4483,6363336.84
4484,2596591.88
4485,68544290.4
4486,60447870.2
4487,41965828.58
4488,92680301.88
4489,59702955.72
4490,1982188.94
4491,178513126.18
4492,19524417.56
4493,12578332.92
4494,48822353.9
4495,13680235.42
4496,32158097.86
4497,9640729.3
4498,54878626.2
4499,1281701.28
4500,173600116.64
4501,92110004.16
4502,18226498.84
4503,578868583.46
4504,7314757.34
4505,2859606.14
4506,79966039.24
4507,2882596.12
4508,2752972.78
4509,5550955.2
4510,10413524.88
4511,179981599.36
4512,3053362.42
4513,91892509.38
4514,48821033.22
4515,240720825.4
4516,11447501.66
4517,10753048.42
4518,226175369.6
4519,58437337.36
4520,41344977.7
4521,67945794.6
4522,83887647.42
4523,19159819.86
4524,15596650.5
4525,10299494.78
4526,9887731.64
4527,61171882.42
4528,5239591.96
4529,6867542.82
4530,29246642.2
4531,8737432.88
4532,42899006.8
4533,50717916.66
4534,3805831.24
4535,108254244.76
4536,37886323.5
4537,45704801.8
4538,46162622.66
4539,2056515.18
4540,98299255.9
4541,6225057.02
4542,99281981.32
4543,146775691.76
4544,18525153.82
4545,1907770.38
4546,1263915.02
4547,11752517.34
4548,5182716.52
4549,1880823.68
4550,10100157.8
4551,733245758.58
4552,180851526.6
4553,25310798.06
4554,451225377.62
4555,2588073.14
4556,56746050.98
4557,52092227.64
4558,21048567.36
4559,181123697.92
4560,63080752.52
4561,24111186.88
4562,6183584.44
4563,322524782.92
4564,1215917.78
4565,1297769.02
4566,42688195.92
4567,82266868.78
4568,9971636.06
4569,34913019.8
4570,19676702.64
4571,2951923.66
4572,40135232.28
4573,43462007.3
4574,862435.82
4575,5265924.86
4576,20378703.06
4577,24189255.72
4578,53471599.96
4579,9481926.92
4580,67702200.96
4581,12924732.54
4582,72843459.22
4583,211327483.86
4584,3224132.28
4585,138783301.5
4586,26407866.9
4587,4199727.72
4588,199451262.2
4589,5583295.4
4590,1300485971.16
4591,115134753.42
4592,4202546.56
4593,1794943.6
4594,53757588.78
4595,421176619.9
4596,399714612.06
4597,19835352.86
4598,192613470.62
4599,7600963.8
4600,7190466.06
4601,60019837.76
4602,29835176.8
4603,28760313.06
4604,26900126.26
4605,225576753.7
4606,157479029.12
4607,52971238.64
4608,27053494.4
4609,46051892.5
4610,194158638.98
4611,83850228.44
4612,46996752.62
4613,37690720.72
4614,48531848.08
4615,14399915.62
4616,730560.32
4617,70585141.46
4618,2307715.46
4619,7440923.64
4620,10842807.54
4621,244406033.58
4622,36353432.9
4623,70373907.62
4624,1663119.24
4625,29577893.28
4626,16551722.74
4627,17419114.36
4628,9008739.48
4629,3205340.9
4630,22639704.18
4631,8379007.44
4632,7929387.08
4633,7068978.38
4634,2027318.06
4635,2003462.7
4636,151463416.8
4637,15209822.18
4638,13528508.94
4639,1335139.3
4640,63227634.8
4641,13931805.32
4642,16720288.16
4643,79752671.46
4644,6907486.98
4645,3291303.16
4646,796692170.12
4647,5332926.64
4648,14702696.82
4649,126572701.16
4650,79070246.26
4651,84333828.14
4652,449414954.4
4653,676408.22
4654,65786435.32
4655,101809638.42
4656,10796309.38
4657,36160134.66
4658,117567538.16
4659,9224689.04
4660,32711525.02
4661,30439441.74
4662,33403513.24
4663,12649961.0
4664,10313345.52
4665,63912695.6
4666,80164251.06
4667,173845459.86
4668,4584176.18
4669,13150920.4
4670,47291007.0
4671,24892811.68
4672,885224.6
4673,16424006.28
4674,8051856.44
4675,17471228.22
4676,7073504.56
4677,348717.86
4678,10466150.12
4679,884656.1
4680,5179983.94
4681,36937209.46
4682,17248601.3
4683,3066315.38
4684,830500.04
4685,53130680.72
4686,5108724.12
4687,9930438.74
4688,148401004.56
4689,14272545.76
4690,32909890.84
4691,35040290.66
4692,9168700.96
4693,18588355.94
4694,25472716.18
4695,64113392.12
4696,19143102.46
4697,106629949.74
4698,12906858.18
4699,5614924.74
4700,199974583.42
4701,164839195.44
4702,12443396.02
4703,22161330.38
4704,111579018.34
4705,101562628.3
4706,92100924.12
4707,8088424.6
4708,53792857.14
4709,769604.8
4710,241645017.42
4711,22546157.28
4712,1863222.24
4713,197576090.5
4714,5394722.18
4715,1508685.68
4716,2740805.16
4717,30513630.58
4718,23561369.1
4719,88450267.74
4720,14668302.36
4721,38921193.54
4722,97728631.82
4723,4715307.06
4724,155762971.32
4725,7559799.24
4726,7410701.84
4727,12957158.48
4728,74732468.7
4729,109324676.56
4730,2233060.9
4731,49885840.04
4732,581071974.4
4733,3526222.6
4734,388048078.32
4735,59994979.36
4736,47318131.42
4737,66267675.5
4738,4510667.18
4739,80060024.4
4740,601522786.42
4741,3082812.1
4742,106759967.46
4743,2088779.78
4744,221890.62
4745,471630985.68
4746,62935004.0
4747,18340020.54
4748,115566437.84
4749,11536161.2
4750,21825336.94
4751,67555627.96
4752,1680146.48
4753,26693189.32
4754,758316077.38
4755,55263485.74
4756,89879806.82
4757,150412775.82
4758,119687981.24
4759,406312864.62
4760,2561284.44
4761,23647713.76
4762,3319183.92
4763,1248849.44
4764,428843855.72
4765,22251358.94
4766,186416116.04
4767,79269519.76
4768,77976096.58
4769,84075626.96
4770,222641753.74
4771,276332638.14
4772,22941391.0
4773,23060226.36
4774,29339451.88
4775,2204936.88
4776,4447407.24
4777,258390383.82
4778,127372071.88
4779,12221226.76
4780,284423207.88
4781,1012915.62
4782,44541579.22
4783,18558672.4
4784,28070711.24
4785,30684230.8
4786,68660594.76
4787,101159763.42
4788,122694068.98
4789,10984888.72
4790,113920586.64
4791,32006246.32
4792,43992357.08
4793,41275288.16
4794,14701328.44
4795,3914859.06
4796,11266827.7
4797,731439596.36
4798,84666325.04
4799,63189929.68
4800,52986305.92
4801,802290.54
4802,38921052.92
4803,12991833.56
4804,12319437.68
4805,5263168.82
4806,4953876.66
4807,2549640.72
4808,31090258.58
4809,94766138.26
4810,552878.8
4811,17457566.64
4812,89077344.54
4813,105482843.1
4814,6875038.96
4815,48329017.82
4816,38170913.54
4817,13304656.88
4818,19396907.28
4819,12305263.18
4820,37785662.0
4821,1757417.1
4822,7399869.88
4823,17550533.62
4824,53811155.0
4825,111333883.28
4826,9230593.74
4827,74411451.84
4828,28572859.3
4829,43131159.16
4830,67904705.44
4831,33374768.0
4832,10656886.4
4833,18961723.1
4834,23696680.52
4835,75717127.34
4836,77045932.08
4837,183256371.86
4838,84672530.38
4839,267724.14
4840,507431303.4
4841,657917.16
4842,89966066.34
4843,149109828.28
4844,6908617.22
4845,31534378.66
4846,14187688.54
4847,464042902.54
4848,61885050.48
4849,238369432.66
4850,20188912.72
4851,1613979.16
4852,6949727.7
4853,41103757.76
4854,35148728.82
4855,91565046.1
4856,21146985.5
4857,26396931.52
4858,29401791.36
4859,18416482.4
4860,561592479.68
4861,189760672.98
4862,197166478.18
4863,240773451.44
4864,97239649.4
4865,47037112.5
4866,16370082.68
4867,124253375.02
4868,16712499.96
4869,7222979.98
4870,22331488.24
4871,46295864.52
4872,1977480.92
4873,27631177.12
4874,111904766.04
4875,80312011.48
4876,49363253.06
4877,44900015.8
4878,93119293.42
4879,45125268.56
4880,16857244.8
4881,11224159.24
4882,17226477.2
4883,41135068.94
4884,122460219.62
4885,12430505.42
4886,32264664.26
4887,4343151.68
4888,5609434.52
4889,6836552.86
4890,141050846.4
4891,2301571.72
4892,7515673.08
4893,73650042.04
4894,11621087.4
4895,11419996.28
4896,160977688.52
4897,14421871.78
4898,155493214.88
4899,121228209.94
4900,150557497.1
4901,53767760.08
4902,3087702.0
4903,5145000.34
4904,293018985.9
4905,21569217.52
4906,871652.2
4907,832132189.98
4908,44683688.54
4909,63245361.46
4910,55837273.4
4911,34625753.96
4912,73790803.68
4913,58465865.3
4914,104715688.16
4915,66363998.16
4916,45164169.68
4917,12761385.26
4918,180753132.22
4919,38180054.3
4920,79735682.06
4921,95423595.12
4922,23022002.7
4923,1258709.44
4924,93792617.58
4925,159069795.92
4926,1210083.38
4927,23057060.82
4928,41465626.7
4929,32339534.68
4930,24613456.62
4931,18047074.5
4932,3898445.62
4933,173762940.18
4934,6603106.3
4935,456502311.92
4936,8524679.82
4937,349476.24
4938,19546229.68
4939,4434939.24
4940,4475435.72
4941,135363043.92
4942,2040601.16
4943,86362635.2
4944,183362444.74
4945,8576172.08
4946,7836675.82
4947,4351063.36
4948,12248444.22
4949,43733967.22
4950,68582102.14
4951,60561803.08
4952,38952125.54
4953,102518988.08
4954,54124828.88
4955,9422092.1
4956,1215183.9
4957,42249439.38
4958,12660158.06
4959,13857322.62
4960,14398080.3
4961,185633093.32
4962,7198284.16
4963,132037310.68
4964,38851563.2
4965,7754533.12
4966,6673774.84
4967,61070342.44
4968,22647923.46
4969,1231150.18
4970,2406373.88
4971,69345860.62
4972,19738042.1
4973,35277930.22
4974,103678075.54
4975,25318000.18
4976,1627788.7
4977,91019767.08
4978,11071706.04
4979,17141251.82
4980,48928064.8
4981,48213593.94
4982,158399948.58
4983,2443193.88
4984,69077576.16
4985,444429315.44
4986,4352533.04
4987,9411376.32
4988,3569053.44
4989,49282419.98
4990,1467082.4
4991,49109856.64
4992,183231984.78
4993,31936313.14
4994,89909099.74
4995,6227205.44
4996,31650846.48
4997,90974099.68
4998,27832707.44
4999,102943913.52
5000,176575207.5
5001,246253595.98
5002,276058547.76
5003,99912829.44
5004,33667624.5
5005,29743245.3
5006,387787250.48
5007,52268919.44
5008,324124619.84
5009,61543538.78
5010,5932780.84
5011,22655326.68
5012,54136249.84
5013,30932253.2
5014,62194321.16
5015,35271157.44
5016,175879339.48
5017,29878023.34
5018,40374010.54
5019,98851032.28
5020,32005212.64
5021,7545068.36
5022,46841448.38
5023,10501759.78
5024,165257154.46
5025,3241569.6
5026,207379382.9
5027,41791496.18
5028,67378155.42
5029,68708978.34
5030,36771591.62
5031,6636676.58
5032,136986452.8
5033,4869509.94
5034,7909112.2
5035,2355673.7
5036,28520534.18
5037,65461383.42
5038,389938425.04
5039,4511723.18
5040,114054997.96
5041,37815863.28
5042,11670482.48
5043,49706947.96
5044,230074878.18
5045,6265231.2
5046,6288604.44
5047,18438382.56
5048,2712119.48
5049,129767482.9
5050,1190885.4
5051,315704124.92
5052,178900229.22
5053,32239778.6
5054,21149770.26
5055,22938514.96
5056,8781720.06
5057,23064398.36
5058,7499653.12
5059,41696010.72
5060,147672684.14
5061,28742380.58
5062,5312009.44
5063,1330777.98
5064,91847006.72
5065,18021873.42
5066,18725396.78
5067,56857841.78
5068,54500019.6
5069,113578280.06
5070,21308568.62
5071,179156767.54
5072,106864153.44
5073,60107427.84
5074,4885166.58
5075,9683983.62
5076,45057774.74
5077,142794523.66
5078,6775790.3
5079,4845215.68
5080,78206880.86
5081,91719616.76
5082,38203941.02
5083,2602065.56
5084,11481225.06
5085,3106600.24
5086,20326174.72
5087,8943335.74
5088,6248343.96
5089,1976092.3
5090,9843448.04
5091,36328202.0
5092,58810593.44
5093,50616036.62
5094,78756848.74
5095,134824601.54
5096,46915180.9
5097,562410.4
5098,10254969.46
5099,10272632.76
5100,2285053.26
5101,1630033.5
5102,9857974.86
5103,4026418.3
5104,48546864.92
5105,3533203.2
5106,4062131.52
5107,15183380.38
5108,12453923.9
5109,331878.84
5110,52714507.36
5111,132454155.26
5112,19699127.36
5113,4885882.2
5114,11127469.88
5115,9569743.74
5116,4872223.88
5117,340644651.26
5118,32218172.38
5119,1712575.46
5120,711488.32
5121,75844901.12
5122,36170505.6
5123,28075278.84
5124,17565517.92
5125,14947110.42
5126,14474376.86
5127,56341049.36
5128,1444698.44
5129,5520119.78
5130,24940397.92
5131,39232610.06
5132,82155758.56
5133,198564427.44
5134,121181397.22
5135,229223464.38
5136,2211765.66
5137,87732338.68
5138,25126494.18
5139,177638026.0
5140,125782594.52
5141,49234101.0
5142,140756929.54
5143,99371879.12
5144,102859497.5
5145,38762245.36
5146,28948134.5
5147,10316476.94
5148,18283551.76
5149,1904630.64
5150,375613433.9
5151,441839004.62
5152,76589744.94
5153,8875732.9
5154,48182651.96
5155,28697780.62
5156,633429102.58
5157,11238138.4
5158,6817745.02
5159,87103908.48
5160,40494952.22
5161,39643735.38
5162,80805374.32
5163,191535589.28
5164,2207065.98
5165,37769776.8
5166,155143592.06
5167,7728200.34
5168,9121478.04
5169,15238921.92
5170,25889569.06
5171,158641801.14
5172,9592184.74
5173,119779875.92
5174,109776224.98
5175,8912052.06
5176,7898712.34
5177,214328614.56
5178,593899373.54
5179,1248809.04
5180,17732045.9
5181,1129646.62
5182,52696280.34
5183,6863965.54
5184,26084274.94
5185,6397176.4
5186,36107324.74
5187,3006408.26
5188,15982336.66
5189,77064056.34
5190,238412465.16
5191,73579623.3
5192,113950205.56
5193,118985067.8
5194,44421491.66
5195,206966990.64
5196,123092945.98
5197,78290260.14
5198,56940510.06
5199,27766111.76
5200,19081525.96
5201,32297877.64
5202,10565203.58
5203,8099134.06
5204,573768.9
5205,9413525.34
5206,23917159.88
5207,13163759.54
5208,12451954.26
5209,71824780.54
5210,29858109.96
5211,29877785.6
5212,10855120.04
5213,89901289.84
5214,649272.98
5215,18222012.46
5216,67583895.42
5217,13340510.58
5218,25805582.14
5219,54951143.2
5220,63089448.36
5221,1491910.18
5222,19080965.42
5223,151824488.18
5224,1777884.86
5225,1453678.16
5226,101900744.04
5227,3804308.92
5228,33205656.56
5229,174309223.36
5230,12794939.92
5231,58903151.04
5232,1515464.58
5233,3536592.1
5234,58054914.58
5235,37438997.5
5236,192577534.46
5237,156728166.42
5238,13977181.74
5239,36181940.38
5240,153531747.92
5241,64934803.66
5242,57695380.56
5243,3014101.36
5244,94301317.24
5245,4733488.64
5246,54175650.18
5247,28695219.92
5248,9248794.24
5249,76351064.2
5250,230623521.46
5251,24585724.68
5252,586253.12
5253,10704694.46
5254,3276639.62
5255,85285494.3
5256,39519922.62
5257,2414364.92
5258,6940011.46
5259,122388982.5
5260,21278019.88
5261,51769395.62
5262,6708869.08
5263,122247033.98
5264,10107771.38
5265,40929437.58
5266,25774125.08
5267,3237442.7
5268,9877433.0
5269,105766653.2
5270,77877800.62
5271,26664044.9
5272,104575307.28
5273,3200275.12
5274,58936841.92
5275,38034499.72
5276,44278479.52
5277,6973278.96
5278,23025068.48
5279,9737210.44
5280,35282295.2
5281,6063305.92
5282,46784358.14
5283,4185295.58
5284,7339593.32
5285,52290004.42
5286,14781658.2
5287,12220924.36
5288,5260356.94
5289,199139277.36
5290,137840943.94
5291,574957943.72
5292,172640019.64
5293,184157595.78
5294,2394295.14
5295,506553210.94
5296,5883758.88
5297,67570009.94
5298,160919881.1
5299,7660463.6
5300,6770682.76
5301,14759791.24
5302,73715289.22
5303,9649428.74
5304,24595436.4
5305,5872927.88
5306,72850176.08
5307,218856315.12
5308,1769177.7
5309,611567.56
5310,88826686.6
5311,12264932.82
5312,172335636.88
5313,468276254.28
5314,107609254.6
5315,3225217.32
5316,60187788.42
5317,28395636.34
5318,7563064.76
5319,31129322.88
5320,27418667.48
5321,44983109.24
5322,1432235.56
5323,155383399.32
5324,31925604.88
5325,8558185.68
5326,20494637.76
5327,156263791.34
5328,18822260.26
5329,8137751.7
5330,147878244.66
5331,6035804.38
5332,5071802.46
5333,58992562.46
5334,32562560.22
5335,4522112.28
5336,37788269.02
5337,9228598.7
5338,53031970.08
5339,76834605.34
5340,9294783.38
5341,137562591.34
5342,127972952.38
5343,80118805.92
5344,140324324.8
5345,1174822.68
5346,84819571.66
5347,2937363.62
5348,17741695.8
5349,1171554.5
5350,2463605.44
5351,63364653.1
5352,22074795.42
5353,23570531.8
5354,94868081.68
5355,66665545.26
5356,47269073.04
5357,6334935.58
5358,89422991.6
5359,50193250.52
5360,112291353.32
5361,12592673.42
5362,15013931.72
5363,35564698.1
5364,6501403.04
5365,78939919.16
5366,56131600.46
5367,118389887.74
5368,36134779.28
5369,469109219.0
5370,18807769.78
5371,66633225.26
5372,416023172.1
5373,31347191.86
5374,81226718.18
5375,102219702.56
5376,207257366.9
5377,16664888.98
5378,12068997.12
5379,12891313.52
5380,85027688.08
5381,72181153.34
5382,84385818.78
5383,8095401.86
5384,237436417.92
5385,115725251.38
5386,26531123.92
5387,7636349.54
5388,191973732.82
5389,37604020.9
5390,40220898.38
5391,38620386.8
5392,1056503.66
5393,8338208.94
5394,52335620.9
5395,51101244.32
5396,205346331.4
5397,1544921.74
5398,21523338.58
5399,2941239.3
5400,14533866.46
5401,149084712.7
5402,94975806.72
5403,35042456.56
5404,903592.42
5405,79847733.4
5406,8052959.04
5407,290178897.94
5408,545340158.38
5409,138755817.72
5410,7359142.16
5411,38614323.6
5412,352840.06
5413,1887795.56
5414,90297907.98
5415,109864041.84
5416,37508019.84
5417,117510644.88
5418,1839799.0
5419,4310370.22
5420,48592866.72
5421,20940771.58
5422,90485283.72
5423,222704247.8
5424,210121841.82
5425,28289373.22
5426,34967263.38
5427,5869255.6
5428,6270421.94
5429,167639226.6
5430,199403644.16
5431,53578231.58
5432,103923608.14
5433,47657106.08
5434,84292054.82
5435,68028379.14
5436,41858483.62
5437,74918703.5
5438,15862613.22
5439,8030221.86
5440,101707097.66
5441,8042686.78
5442,141603457.98
5443,103576706.08
5444,69113047.86
5445,72041641.58
5446,94334876.16
5447,19478673.46
5448,17442860.42
5449,90850558.34
5450,4583260.94
5451,39643440.86
5452,3618459.02
5453,168024173.04
5454,95806744.46
5455,12619419.46
5456,10819316.48
5457,42409485.58
5458,13206485.02
5459,19410670.56
5460,1694957.1
5461,773345.94
5462,4819393.96
5463,637927778.56
5464,8341947.02
5465,28063437.12
5466,133563270.18
5467,85490242.88
5468,160892111.96
5469,857689.26
5470,302181455.0
5471,103799565.32
5472,92712061.62
5473,52360438.02
5474,34704257.68
5475,22554511.56
5476,9561683.66
5477,20207423.3
5478,81256459.06
5479,114008315.08
5480,50951960.04
5481,2855738.16
5482,31902748.6
5483,26191004.84
5484,98229005.26
5485,14112894.94
5486,27727451.88
5487,494497693.38
5488,92309101.6
5489,36892603.92
5490,10359355.46
5491,237927087.46
5492,88835574.92
5493,15917197.54
5494,300932.5
5495,48557466.52
5496,113381125.24
5497,30514444.0
5498,3180455.88
5499,90441811.16
5500,35949377.52
5501,2477159.16
5502,37764284.64
5503,20437409.38
5504,62754292.46
5505,9113629.0
5506,414004123.4
5507,38771288.36
5508,140741289.54
5509,174731560.66
5510,25917129.34
5511,8794363.62
5512,95891120.34
5513,4037168.42
5514,32971818.4
5515,16545437.14
5516,4264165.56
5517,266749834.66
5518,16657943.58
5519,160042519.66
5520,6551756.86
5521,50228274.88
5522,650210.08
5523,564914593.86
5524,493026188.14
5525,67750822.64
5526,8754340.48
5527,23739160.1
5528,98169051.76
5529,6326388.68
5530,310268327.98
5531,3809349.56
5532,35979287.02
5533,120952226.0
5534,449171447.8
5535,3931606.54
5536,7916301.18
5537,43040402.28
5538,19876411.12
5539,202999557.72
5540,73196774.36
5541,165111163.7
5542,2521404.42
5543,17570733.3
5544,73577518.1
5545,441749.34
5546,17811162.94
5547,31917235.96
5548,16382180.06
5549,82531164.94
5550,47550372.22
5551,38799098.8
5552,85554237.86
5553,49649368.76
5554,10669253.12
5555,32988877.28
5556,30170307.94
5557,42475385.48
5558,575729010.8
5559,13171568.38
5560,2626354.74
5561,21114266.04
5562,84608091.82
5563,592464.7
5564,8972658.72
5565,27056853.78
5566,12000468.94
5567,6738655.44
5568,25848217.8
5569,67355652.4
5570,72356359.78
5571,131339462.6
5572,1372705.76
5573,170044032.84
5574,40329461.9
5575,182348711.2
5576,57493474.52
5577,27990131.0
5578,15974109.6
5579,14842629.2
5580,2740936.72
5581,26004844.26
5582,43783775.04
5583,96161421.1
5584,47589920.92
5585,23655533.26
5586,3297610.1
5587,30684554.56
5588,121755774.74
5589,101309462.22
5590,4234256.96
5591,49225083.2
5592,10883148.06
5593,38286677.96
5594,9905385.32
5595,59815616.82
5596,151895512.64
5597,23912035.82
5598,14614889.38
5599,11471502.06
5600,25490890.46
5601,60082836.18
5602,117987104.94
5603,16025726.64
5604,10101935.62
5605,165505428.26
5606,124595329.72
5607,36397737.04
5608,103857973.76
5609,46120191.46
5610,28896084.24
5611,59641564.8
5612,591111988.18
5613,13936542.9
5614,22429610.4
5615,77634437.08
5616,26438519.48
5617,266371917.64
5618,32350314.76
5619,82167746.3
5620,13746797.68
5621,48164233.72
5622,20105258.76
5623,53838572.22
5624,576758073.48
5625,3512735.0
5626,5920946.76
5627,88633597.94
5628,30381193.96
5629,324416133.84
5630,47693078.1
5631,78144482.46
5632,73152702.02
5633,16490333.78
5634,48053020.54
5635,126476662.38
5636,3616308.78
5637,12159183.82
5638,93594046.52
5639,3089632.1
5640,8346170.0
5641,107113754.38
5642,26637347.56
5643,11025558.34
5644,464036680.0
5645,133676552.12
5646,28144917.78
5647,16786709.18
5648,77197411.24
5649,7661729.52
5650,89413803.56
5651,27503702.26
5652,4060706.64
5653,153358738.08
5654,69795621.12
5655,106872441.44
5656,641651154.86
5657,7868975.1
5658,20921625.08
5659,22851616.9
5660,131504360.38
5661,19587068.96
5662,250669805.32
5663,23571409.02
5664,6973451.5
5665,98500873.46
5666,15354382.5
5667,59781465.26
5668,12968459.38
5669,4480056.22
5670,561599125.76
5671,27825829.96
5672,5029862.04
5673,165140163.26
5674,11597779.4
5675,1888464.86
5676,2153455.54
5677,147213516.82
5678,100526927.58
5679,3623921.4
5680,32406470.86
5681,768695454.44
5682,5228338.18
5683,361438656.7
5684,96481086.9
5685,27795440.0
5686,4864928.0
5687,94390648.92
5688,35556432.8
5689,31952793.78
5690,12160348.4
5691,92665175.24
5692,565565507.98
5693,39071103.2
5694,71049371.72
5695,11148125.24
5696,53628174.86
5697,923877.62
5698,22424534.84
5699,36003897.86
5700,81349398.3
5701,44014635.96
5702,32641929.96
5703,59356143.46
5704,74952629.82
5705,18780876.2
5706,1280442.96
5707,37255972.08
5708,19529570.58
5709,25894841.84
5710,9569686.46
5711,40442507.2
5712,183602793.74
5713,28085613.82
5714,34807199.02
5715,13064741.22
5716,1815134.32
5717,18281303.84
5718,8279923.6
5719,48512854.18
5720,26454705.92
5721,93096537.56
5722,3552293.78
5723,23252580.26
5724,1349090.28
5725,2424992.86
5726,77088735.42
5727,150332596.64
5728,6873386.26
5729,220906146.44
5730,10355990.58
5731,922352.96
5732,12610035.02
5733,7648551.02
5734,52448507.84
5735,14626449.06
5736,101567293.5
5737,57612059.06
5738,133662070.4
5739,27595004.6
5740,63937545.2
5741,112790931.4
5742,72586195.88
5743,51172448.6
5744,1442157.12
5745,10983619.44
5746,53838008.26
5747,4840441.24
5748,90737888.72
5749,61364038.8
5750,80142774.24
5751,68301079.8
5752,6801652.4
5753,274681889.32
5754,30818138.38
5755,76985264.36
5756,20579035.34
5757,18640234.66
5758,355031.44
5759,34799682.96
5760,10309737.04
5761,860511.84
5762,91731031.78
5763,88253116.34
5764,1737294.0
5765,25587658.36
5766,73748775.54
5767,64182783.94
5768,29590006.92
5769,360744553.86
5770,6681485.54
5771,40541326.26
5772,32595326.4
5773,347072161.44
5774,90662576.7
5775,51566524.42
5776,8913786.66
5777,151831055.46
5778,141608396.44
5779,401913539.92
5780,4283613.04
5781,97925158.1
5782,70591640.9
5783,133163567.68
5784,7244674.66
5785,122251292.52
5786,13386366.6
5787,218162929.48
5788,3987289.76
5789,53048978.28
5790,89327670.0
5791,70187304.7
5792,14851882.5
5793,50944403.74
5794,84179803.64
5795,76523032.14
5796,73148887.44
5797,103723589.08
5798,305020.26
5799,334252340.96
5800,1413065.04
5801,19495540.54
5802,3498426.0
5803,5477841.6
5804,465738744.26
5805,33143354.88
5806,42261637.7
5807,53665114.72
5808,122756656.5
5809,40454106.1
5810,4280326.98
5811,6582347.36
5812,93833606.2
5813,157704747.82
5814,8860025.86
5815,8537739.34
5816,13795306.98
5817,2752050.86
5818,7015997.26
5819,55415429.26
5820,25047926.62
5821,901791.9
5822,902946.42
5823,76609193.06
5824,50925591.56
5825,26003882.48
5826,19676061.88
5827,7631901.7
5828,597991006.7
5829,80702938.22
5830,50061434.22
5831,113847324.82
5832,52599393.92
5833,22953039.78
5834,46578763.32
5835,719484.58
5836,96427037.66
5837,56185850.54
5838,1300836.68
5839,79478004.72
5840,6232113.18
5841,101869936.9
5842,87432746.54
5843,12040667.16
5844,11286603.46
5845,33342089.8
5846,6433364.14
5847,76618656.92
5848,61312589.38
5849,28835120.94
5850,36481389.98
5851,25154154.86
5852,10276728.68
5853,51113888.14
5854,24662728.16
5855,149170470.92
5856,24228367.4
5857,732319259.82
5858,1073918.72
5859,42114570.54
5860,124311014.08
5861,2037819.9
5862,39300153.74
5863,90877043.56
5864,643704147.78
5865,40758788.44
5866,16476040.46
5867,15255512.3
5868,60932474.3
5869,18507647.5
5870,1064651.48
5871,134566635.36
5872,222181025.02
5873,39386625.5
5874,5008382.96
5875,65420490.5
5876,85586784.52
5877,10445270.38
5878,69801834.92
5879,9198138.12
5880,100165483.2
5881,136696633.3
5882,225263029.48
5883,15090070.14
5884,71260664.46
5885,20448212.58
5886,16724046.26
5887,12543922.7
5888,13730434.18
5889,5948603.38
5890,54299827.34
5891,33778642.04
5892,27408269.32
5893,6253271.44
5894,115020213.2
5895,31379327.62
5896,124160327.24
5897,1193014.26
5898,63403203.64
5899,5791553.26
5900,24968755.86
5901,594701.32
5902,13037138.22
5903,116936286.56
5904,95090287.7
5905,62284928.04
5906,80858456.7
5907,12782207.44
5908,116455100.04
5909,36765296.72
5910,93745690.14
5911,11739759.04
5912,327869359.8
5913,54266642.38
5914,23931987.52
5915,9373026.32
5916,107643368.84
5917,223592079.98
5918,132976999.18
5919,65568040.82
5920,5349309.7
5921,60778103.58
5922,12857353.6
5923,13883988.5
5924,6878091.56
5925,539215748.78
5926,5165806.7
5927,2377391.42
5928,75824741.66
5929,3244629.46
5930,110788165.76
5931,52237507.24
5932,3258500.4
5933,11419515.6
5934,137170249.02
5935,240728720.1
5936,173911043.14
5937,1752660.22
5938,12596305.14
5939,82244285.5
5940,83160987.58
5941,13212650.18
5942,125477599.66
5943,8942861.44
5944,50298971.16
5945,7284062.26
5946,1505963.76
5947,1542712.08
5948,232432992.66
5949,2492678.0
5950,248186310.32
5951,75715067.94
5952,7103342.5
5953,189967963.08
5954,12363745.86
5955,26906147.32
5956,114856293.68
5957,79365736.1
5958,110056974.5
5959,7106237.56
5960,8971007.22
5961,3292685.66
5962,9152086.28
5963,62128771.36
5964,85310347.32
5965,49975585.7
5966,79657145.16
5967,458573113.04
5968,77581225.38
5969,65101190.26
5970,47480807.38
5971,15942989.96
5972,25861018.82
5973,95503535.72
5974,6933441.72
5975,14706356.08
5976,3959000.14
5977,3873371.96
5978,735510554.52
5979,7256356.22
5980,220990841.44
5981,8901452.86
5982,137601939.86
5983,3953187.6
5984,27189100.18
5985,95748316.06
5986,1096166.82
5987,8268676.82
5988,72855413.1
5989,2363493.46
5990,127857129.84
5991,8396827.44
5992,42166781.92
5993,79288382.18
5994,3216493.92
5995,28472652.74
5996,40771241.98
5997,21793166.86
5998,451500660.5
5999,8100341.54
6000,5294327.48
6001,35970045.36
6002,2261226.16
6003,519844115.3
6004,31371529.64
6005,3760000.26
6006,29541932.58
6007,9876720.36
6008,4721105.1
6009,103922029.4
6010,98262654.96
6011,47530520.52
6012,45164301.04
6013,270275967.34
6014,12311476.54
6015,49416426.3
6016,30094900.46
6017,10853113.52
6018,60665933.84
6019,5727669.86
6020,3626967.9
6021,10029901.72
6022,9372511.18
6023,111389718.6
6024,3254826.94
6025,26747531.7
6026,145893081.04
6027,23675553.2
6028,166213530.88
6029,18482704.76
6030,371408749.44
6031,51988686.84
6032,590378.32
6033,66428478.98
6034,9900294.14
6035,413770592.94
6036,4396858.2
6037,3994854.84
6038,310920.84
6039,4695918.84
6040,70494819.0
6041,338475723.1
6042,792289.24
6043,238858150.98
6044,5800248.56
6045,65366294.62
6046,961234.58
6047,20704852.48
6048,8898913.74
6049,7433643.2
6050,21860738.16
6051,4803204.6
6052,66442979.3
6053,736525.54
6054,4573570.46
6055,33605584.92
6056,31418115.0
6057,1908060.44
6058,54753614.2
6059,141513893.82
6060,54032818.64
6061,78897995.5
6062,9933720.44
6063,122062035.18
6064,11834345.78
6065,151341840.06
6066,62516958.64
6067,87711865.18
6068,1311187.02
6069,161175075.72
6070,196710247.08
6071,14120698.32
6072,28100814.14
6073,19957021.1
6074,4269408.26
6075,9894825.44
6076,79940977.04
6077,10409670.0
6078,75301707.62
6079,479906808.92
6080,5228315.74
6081,22734558.32
6082,8648116.06
6083,165124862.92
6084,27742459.44
6085,58958137.68
6086,7218386.38
6087,106272642.46
6088,7414560.14
6089,14640810.3
6090,409002467.78
6091,890750.66
6092,12788360.86
6093,17024635.84
6094,131785628.44
6095,212997225.48
6096,18253844.76
6097,47079935.5
6098,21823646.58
6099,35481843.0
6100,91440292.62
6101,158001212.94
6102,84421142.82
6103,95983935.14
6104,1378797.84
6105,12745242.12
6106,4298978.74
6107,460460.72
6108,119383125.42
6109,23975053.46
6110,78795091.2
6111,8258086.84
6112,571248.24
6113,8841651.8
6114,82061675.48
6115,151137198.56
6116,326811.58
6117,11543461.76
6118,113217164.14
6119,87881180.88
6120,52214886.9
6121,7634374.56
6122,103495772.2
6123,1292793.52
6124,5050815.16
6125,14738140.7
6126,11295834.86
6127,19182388.32
6128,318479491.06
6129,5703483.6
6130,748527.62
6131,15610704.8
6132,655507.18
6133,30593539.1
6134,103273144.06
6135,63360813.84
6136,428494613.3
6137,124991965.68
6138,8698550.68
6139,1233695094.18
6140,18719281.3
6141,36538266.26
6142,1435922.88
6143,4815625.6
6144,30096306.0
6145,16440110.02
6146,29952097.7
6147,51142474.5
6148,9925407.7
6149,93742359.02
6150,460320008.0
6151,25920171.08
6152,922615599.64
6153,6965912.26
6154,7938325.9
6155,113035585.04
6156,3374790.82
6157,16062095.2
6158,67503467.66
6159,46706811.66
6160,68380548.64
6161,23539984.56
6162,33395744.92
6163,17144025.4
6164,13882367.38
6165,58410596.54
6166,62491597.58
6167,11065644.14
6168,37217914.74
6169,117438821.44
6170,18938325.08
6171,35825216.58
6172,1214355.66
6173,60498755.46
6174,63124803.08
6175,32755948.84
6176,48143460.82
6177,102011190.1
6178,3658031.64
6179,248184826.28
6180,56370079.6
6181,43522753.06
6182,406861492.28
6183,37943055.66
6184,731799268.54
6185,19690342.6
6186,9897022.52
6187,8474790.08
6188,25878001.58
6189,12788307.62
6190,104593938.3
6191,14570927.14
6192,103667366.44
6193,14032988.42
6194,2834355.72
6195,3126261.44
6196,87191495.96
6197,2662253.18
6198,102499275.42
6199,636521757.8
6200,1028271.9
6201,12189992.4
6202,153972313.2
6203,570747628.06
6204,8229592.84
6205,22596542.3
6206,50060761.36
6207,83941125.28
6208,51504832.64
6209,1231914.24
6210,13109687.52
6211,82030226.64
6212,40002747.96
6213,103672096.48
6214,54606722.42
6215,19721310.46
6216,40392916.34
6217,1333760.44
6218,7405519.9
6219,55570209.26
6220,1194707.52
6221,22969004.72
6222,759674.04
6223,68643929.32
6224,92680252.08
6225,99643339.62
6226,22441871.12
6227,13272370.96
6228,3125035.54
6229,3438353.58
6230,1746025.88
6231,106275356.78
6232,1086738.84
6233,210189015.32
6234,50167312.26
6235,63516356.74
6236,38089629.38
6237,5376714.2
6238,4975394.58
6239,143218159.38
6240,241778358.18
6241,1995717.04
6242,23649663.86
6243,15760994.6
6244,66894197.9
6245,4880011.86
6246,4462895.76
6247,784764483.46
6248,11505156.24
6249,12801523.98
6250,37301723.44
6251,135158707.34
6252,24930193.04
6253,24702309.18
6254,175488457.78
6255,7067040.36
6256,12893525.06
6257,94078367.62
6258,829916.28
6259,6408931.22
6260,7167473.54
6261,140844584.7
6262,14685080.14
6263,78680405.3
6264,17709207.2
6265,12008048.2
6266,5154968.62
6267,125717773.52
6268,565815.78
6269,148434099.98
6270,104737378.56
6271,383068839.08
6272,4815245.28
6273,24235195.94
6274,177847771.0
6275,53451280.28
6276,11882542.96
6277,17926737.4
6278,5799524.08
6279,33645621.3
6280,18112758.8
6281,16216980.06
6282,418635191.54
6283,60920264.62
6284,118144477.46
6285,49470338.52
6286,6524063.2
6287,10525598.82
6288,160000143.8
6289,160312567.84
6290,77523.48
6291,60397727.98
6292,140767014.34
6293,477840724.94
6294,10270740.68
6295,315385634.24
6296,11150944.86
6297,29022790.2
6298,4223649.42
6299,918287.42
6300,94660498.74
6301,46291339.22
6302,5776249.12
6303,15049622.28
6304,48847361.66
6305,193758350.6
6306,66778556.0
6307,3154091.62
6308,3096280.6
6309,2277452.56
6310,80098802.56
6311,547776.8
6312,12502534.18
6313,60773180.06
6314,54415522.88
6315,2890102.46
6316,30608764.36
6317,182544784.68
6318,62348125.56
6319,85670567.3
6320,2133725.42
6321,231335483.52
6322,37785239.94
6323,27134669.38
6324,537007.36
6325,131540414.28
6326,5051759.56
6327,25805389.7
6328,42194893.24
6329,9396782.48
6330,4266718.7
6331,94051202.6
6332,5729637.26
6333,9745816.44
6334,1660932.78
6335,77409332.56
6336,66459125.88
6337,105325837.94
6338,1863398.26
6339,47816440.76
6340,7592781.34
6341,4479224.04
6342,2854783.04
6343,44160319.98
6344,64346146.0
6345,7078565.52
6346,179008626.54
6347,111208246.74
6348,19246351.3
6349,43329749.12
6350,1976801.92
6351,144197247.8
6352,92752395.28
6353,10151600.2
6354,3293771.42
6355,350450.32
6356,49905293.5
6357,11616288.9
6358,12884673.52
6359,10431949.08
6360,13916885.3
6361,208525647.04
6362,4605034.48
6363,26148554.5
6364,4853771.3
6365,172318923.26
6366,30991790.02
6367,15254845.82
6368,27548313.94
6369,3164159.84
6370,110127671.36
6371,19260415.2
6372,57433080.54
6373,7105584.78
6374,17787804.44
6375,192987864.14
6376,18973168.28
6377,9922827.06
6378,8155587.64
6379,435847587.34
6380,72544379.4
6381,582849131.46
6382,63469565.02
6383,48077612.4
6384,65705490.24
6385,21268731.1
6386,276636012.86
6387,24196992.08
6388,10686802.28
6389,8340151.5
6390,77770010.04
6391,5913066.4
6392,13755336.92
6393,155124420.44
6394,402852051.76
6395,1449616.32
6396,12531018.4
6397,6244740.82
6398,15000259.0
6399,4861399.94
6400,9799653.72
6401,2336937.72
6402,37109042.98
6403,9130311.84
6404,47274630.3
6405,4618531.12
6406,8167553.68
6407,20347962.1
6408,39334236.08
6409,99661560.24
6410,16291769.38
6411,5630453.1
6412,2754712.76
6413,24101060.04
6414,579033588.62
6415,1694771.14
6416,1997006.92
6417,102579738.82
6418,80482429.56
6419,52456245.72
6420,26853028.1
6421,77870742.62
6422,302466.38
6423,24921401.5
6424,58757056.4
6425,59761190.68
6426,24951801.8
6427,5858464.96
6428,4313131.98
6429,33356293.6
6430,114070861.3
6431,166112383.38
6432,166431606.58
6433,32076598.8
6434,18619518.7
6435,115219137.24
6436,84230404.14
6437,20595756.86
6438,37850311.16
6439,14490516.24
6440,141554557.28
6441,17380102.52
6442,12182568.8
6443,102740411.02
6444,1606668.7
6445,379801491.8
6446,298707739.88
6447,44708526.4
6448,5235180.34
6449,33361426.36
6450,60963453.4
6451,2545764.16
6452,33026259.2
6453,115599918.2
6454,47996083.04
6455,15290088.26
6456,14590921.82
6457,228698292.3
6458,8051463.24
6459,44442175.12
6460,142367826.08
6461,124614683.06
6462,182980611.68
6463,479824.46
6464,21591807.36
6465,12078897.62
6466,38256755.98
6467,20710054.66
6468,1231323.02
6469,13887379.04
6470,6206385.1
6471,3980585.88
6472,9730511.04
6473,14316567.24
6474,11367826.2
6475,12270151.98
6476,313309533.06
6477,66297375.82
6478,45870291.9
6479,351476085.58
6480,46411948.14
6481,33793502.94
6482,2470103.46
6483,2096104.32
6484,172113152.46
6485,102280386.32
6486,999931.44
6487,108408120.6
6488,48665883.26
6489,3948888.62
6490,1267836.92
6491,22882854.32
6492,14311460.0
6493,21387874.06
6494,154314717.36
6495,9544519.88
6496,446451739.5
6497,304700202.3
6498,30314714.46
6499,24606269.46
6500,10767896.74
6501,3739949.68
6502,80538955.12
6503,20735215.32
6504,17949304.08
6505,18094361.92
6506,47073545.32
6507,22969643.42
6508,80395873.64
6509,8656973.08
6510,7188686.96
6511,14427693.22
6512,793034.4
6513,23560879.34
6514,5653495.82
6515,450202882.88
6516,38041309.62
6517,2762312.48
6518,30517124.52
6519,73072973.52
6520,6655984.74
6521,389604230.94
6522,99649368.48
6523,40163815.58
6524,32319084.4
6525,123115589.04
6526,287415098.5
6527,1088473.8
6528,11135343.88
6529,19598469.32
6530,75178736.56
6531,7725912.14
6532,22326999.46
6533,6441928.86
6534,622456965.88
6535,9508514.28
6536,55687348.08
6537,57214337.82
6538,58852794.44
6539,186091147.36
6540,177046637.68
6541,75787368.28
6542,51983529.62
6543,977478.34
6544,25752974.18
6545,16141718.24
6546,303745081.5
6547,3643943.44
6548,83976027.54
6549,71765378.08
6550,23526037.58
6551,58751259.5
6552,12763895.66
6553,880563.62
6554,24813462.06
6555,15591047.86
6556,65247736.84
6557,26380874.52
6558,89962533.04
6559,54530610.46
6560,251847971.62
6561,7938536.8
6562,97070742.94
6563,23407919.46
6564,15518846.48
6565,28940815.36
6566,74369931.24
6567,12579527.86
6568,22133779.16
6569,4760425.94
6570,91192503.14
6571,18822151.34
6572,7082161.22
6573,15391471.58
6574,42297745.66
6575,5295751.74
6576,30828543.24
6577,14528394.1
6578,39195066.74
6579,32271573.02
6580,7755313.06
6581,36798507.58
6582,1565430.9
6583,3954266.9
6584,2041236.7
6585,66375696.86
6586,37497719.0
6587,76484998.38
6588,13035804.76
6589,46898341.44
6590,141230371.72
6591,19324377.94
6592,148672169.56
6593,100106928.3
6594,64494422.46
6595,1874994.62
6596,184362290.26
6597,8173266.94
6598,10876970.8
6599,47615663.06
6600,3393256.74
6601,49667828.42
6602,425479311.8
6603,41154879.1
6604,24503451.54
6605,113670815.0
6606,4319512.2
6607,66123433.3
6608,784858.54
6609,6741393.22
6610,8718628.92
6611,9365850.78
6612,821404523.04
6613,62618888.0
6614,255670394.98
6615,7063098.62
6616,121700997.94
6617,74554044.82
6618,67545044.12
6619,20418529.94
6620,7977744.78
6621,90712023.7
6622,118174691.46
6623,227459769.76
6624,151632442.42
6625,91466280.96
6626,48858111.4
6627,113294612.58
6628,985545.08
6629,12837226.98
6630,2365870.58
6631,2589100.86
6632,25247888.98
6633,11922232.0
6634,8251754.8
6635,8508086.5
6636,181197587.1
6637,76656020.66
6638,2608174.72
6639,11156603.82
6640,95521355.66
6641,159771854.94
6642,250947834.86
6643,1953843.28
6644,1284026.0
6645,63814776.12
6646,53767236.18
6647,2063721.5
6648,67998036.64
6649,26060600.86
6650,3072540.56
6651,38417131.28
6652,5361619.22
6653,59897432.74
6654,153050835.58
6655,24918819.46
6656,30469768.46
6657,99190774.4
6658,10504734.42
6659,7855572.14
6660,5171030.68
6661,3471932.8
6662,27858632.86
6663,356932948.74
6664,11342499.02
6665,1738178.56
6666,33161382.88
6667,114371071.5
6668,73154931.88
6669,70244636.9
6670,5339218.78
6671,56299315.8
6672,12230600.14
6673,148785359.7
6674,472232780.54
6675,128708607.22
6676,23238820.78
6677,2128664.56
6678,7736218.32
6679,453952064.76
6680,26928540.02
6681,607186071.26
6682,47672644.14
6683,23709801.66
6684,3048966.62
6685,11278984.1
6686,7049417.12
6687,83919064.12
6688,27994551.92
6689,87663119.44
6690,321174873.8
6691,3505500.62
6692,591441954.58
6693,52267209.18
6694,71006475.52
6695,21561687.22
6696,94739471.14
6697,5826211.26
6698,10383756.86
6699,356925590.7
6700,205503558.48
6701,67277308.36
6702,43607889.98
6703,12869214.46
6704,6146591.94
6705,50155767.88
6706,44193672.76
6707,25289585.26
6708,20118643.7
6709,6469370.3
6710,83038552.04
6711,21076132.52
6712,95419177.84
6713,2453917.2
6714,2018606.22
6715,16284095.44
6716,29458315.72
6717,439160416.26
6718,20599685.82
6719,41120388.14
6720,1440150.96
6721,120316900.16
6722,8663481.42
6723,115078845.62
6724,42338900.14
6725,6616329.32
6726,125360535.24
6727,14238458.92
6728,18292156.68
6729,17415681.46
6730,45208736.62
6731,3341891.56
6732,16627784.5
6733,83259227.56
6734,13850285.46
6735,199478056.86
6736,22512770.66
6737,8732710.54
6738,36978775.86
6739,10361454.92
6740,1889051.44
6741,6396572.84
6742,24571868.44
6743,85189553.48
6744,17886153.3
6745,6278205.2
6746,114990650.06
6747,61318231.8
6748,1511609.8
6749,15654167.04
6750,3572765.42
6751,7911796.5
6752,131148995.36
6753,18674456.56
6754,78584405.42
6755,12940457.16
6756,210880849.32
6757,51033359.22
6758,9980901.72
6759,79651533.94
6760,35227589.0
6761,52934939.42
6762,2225020.02
6763,69284846.1
6764,20359432.34
6765,185793388.96
6766,836517.44
6767,42801781.32
6768,247191873.38
6769,75518348.18
6770,72289297.44
6771,6443304.7
6772,8990908.72
6773,31617412.2
6774,325429738.14
6775,417612080.9
6776,1504375.58
6777,57278742.86
6778,37677728.5
6779,28197732.34
6780,105154690.2
6781,5960857.9
6782,100407769.96
6783,43893759.74
6784,23850006.46
6785,81476620.88
6786,6037335.48
6787,28609024.38
6788,6139099.96
6789,8233802.8
6790,12448242.52
6791,60994437.12
6792,413564714.94
6793,57422973.94
6794,17378714.38
6795,9188707.64
6796,670112874.06
6797,36394955.34
6798,79731725.92
6799,18167164.36
6800,212233704.38
6801,387230309.22
6802,40016257.56
6803,239616324.58
6804,22081493.84
6805,41039125.22
6806,10415361.04
6807,64366096.68
6808,6241922.78
6809,50825177.58
6810,23124012.9
6811,63146679.22
6812,7281783.84
6813,179725967.34
6814,11397923.9
6815,3819592.02
6816,10557831.56
6817,137465.74
6818,2134970.68
6819,89915018.28
6820,101057616.36
6821,34817404.42
6822,14202610.5
6823,70603804.62
6824,213454796.08
6825,69125396.82
6826,15716525.8
6827,5332010.98
6828,2099383.06
6829,12763691.02
6830,2599278.96
6831,93935851.98
6832,77179826.9
6833,32401828.4
6834,5877384.0
6835,134824985.9
6836,3583974.28
6837,228653445.92
6838,6153237.0
6839,18276737.5
6840,55809619.06
6841,24901477.1
6842,7963096.74
6843,6506176.46
6844,267802851.04
6845,25294217.78
6846,62003666.78
6847,3163417.76
6848,13825002.14
6849,15529962.72
6850,77452683.4
6851,129802426.94
6852,31485598.58
6853,12366734.96
6854,28738421.6
6855,38508762.88
6856,14609985.56
6857,23024152.84
6858,13001793.84
6859,56782624.12
6860,13505728.56
6861,28996751.78
6862,66730770.78
6863,240872189.28
6864,10485082.56
6865,6160752.5
6866,99022166.22
6867,53842743.44
6868,842804916.42
6869,41572397.74
6870,1323057.18
6871,33363187.96
6872,1273948.38
6873,39582274.86
6874,22752965.56
6875,30977581.96
6876,31243974.44
6877,35890229.54
6878,3292564.72
6879,6099930.54
6880,5648328.76
6881,11642652.82
6882,89082715.94
6883,44723199.44
6884,78660814.86
6885,15161906.24
6886,1871966.3
6887,32421065.52
6888,77604716.88
6889,8497996.78
6890,20283609.08
6891,91516219.64
6892,425556139.96
6893,216968248.82
6894,38439682.76
6895,2654342.04
6896,9312494.44
6897,2667882.14
6898,26319501.14
6899,14057930.78
6900,92398796.6
6901,63112133.14
6902,13933194.36
6903,23241207.04
6904,178345305.84
6905,31421046.76
6906,132147904.7
6907,30101176.18
6908,12779300.88
6909,886990.14
6910,11526410.48
6911,10944738.74
6912,30166166.08
6913,529818521.6
6914,301139051.18
6915,37198790.0
6916,31851192.48
6917,752865421.32
6918,78612437.32
6919,2987042.7
6920,143655473.16
6921,192135577.18
6922,10928462.3
6923,17475391.12
6924,16854093.22
6925,16477982.74
6926,14790813.88
6927,1680687.68
6928,54188893.6
6929,165345806.66
6930,205797318.6
6931,20507118.8
6932,7307539.26
6933,13952688.2
6934,126779179.28
6935,2438245.02
6936,22914441.08
6937,259215838.42
6938,6575058.82
6939,3765729.3
6940,161153357.98
6941,121783411.58
6942,39463974.22
6943,15989413.08
6944,180323946.84
6945,21920840.88
6946,92531394.04
6947,10103662.64
6948,32665821.14
6949,75969035.32
6950,363013464.8
6951,1436164.96
6952,32982302.74
6953,27199116.22
6954,63155941.18
6955,65920568.36
6956,11262639.86
6957,9258220.12
6958,6078010.44
6959,5351697.48
6960,34811927.04
6961,33958522.42
6962,168151024.66
6963,27205956.58
6964,51321875.58
6965,4924775.72
6966,117164175.4
6967,94504274.78
6968,4096373.14
6969,7376320.16
6970,37975535.4
6971,225861289.02
6972,1494548.58
6973,22603061.84
6974,56847579.26
6975,27360917.72
6976,31846808.36
6977,3849714.26
6978,2151365.36
6979,93795558.74
6980,16882597.46
6981,7462466.4
6982,66633643.7
6983,3631151.42
6984,116018029.36
6985,327772662.68
6986,37377960.84
6987,4074435.18
6988,16324147.62
6989,17765146.1
6990,264729935.48
6991,10195751.24
6992,3378611.86
6993,16125998.1
6994,375384.44
6995,34997302.14
6996,89519696.84
6997,402478.18
6998,20263586.22
6999,121174230.9
7000,12140392.72
7001,8413893.36
7002,2914325.28
7003,27034435.26
7004,117654841.54
7005,3390674.84
7006,1575170.1
7007,20335892.06
7008,74832708.1
7009,20712779.8
7010,18127840.06
7011,2762463.46
7012,15026959.6
7013,5827826.1
7014,948824.98
7015,184571621.4
7016,287326950.58
7017,68703552.12
7018,39825475.48
7019,158552979.48
7020,55764550.28
7021,93257530.36
7022,26721379.96
7023,48579313.96
7024,8641788.88
7025,13749371.82
7026,386536319.9
7027,97957840.48
7028,7767848.38
7029,47363463.24
7030,90333572.44
7031,145916911.52
7032,16898426.22
7033,14183251.92
7034,11188466.1
7035,34543962.46
7036,9522870.12
7037,25177614.58
7038,67878529.98
7039,66968695.88
7040,38707187.74
7041,32779335.02
7042,79911318.9
7043,9473124.34
7044,41691600.56
7045,31661585.74
7046,83273068.64
7047,348441910.94
7048,20111297.12
7049,91964867.16
7050,5302821.68
7051,18067940.54
7052,101083577.68
7053,8672735.68
7054,47690986.8
7055,198705661.54
7056,352438541.72
7057,35500999.62
7058,5929768.14
7059,40369773.02
7060,28668288.68
7061,21449982.28
7062,68251479.24
7063,702595.28
7064,178242639.52
7065,38250628.44
7066,4694846.48
7067,2398221.88
7068,67551376.7
7069,9134353.74
7070,91780322.84
7071,198298351.18
7072,1739655.02
7073,23079018.9
7074,6948087.34
7075,56250733.78
7076,124493936.56
7077,13213378.6
7078,95615093.96
7079,5792061.6
7080,16638361.4
7081,14527769.52
7082,6171472.1
7083,9765293.16
7084,27037092.5
7085,13700994.78
7086,19320215.08
7087,180344546.48
7088,73798300.98
7089,7542137.6
7090,6673515.58
7091,13639297.78
7092,419632339.8
7093,56890555.12
7094,50529006.72
7095,6759138.94
7096,116817962.16
7097,65727367.2
7098,48225858.12
7099,72539199.86
7100,9188956.74
7101,64411104.4
7102,5669597.1
7103,9181331.94
7104,10242363.16
7105,55052339.38
7106,26950501.74
7107,87487059.0
7108,4501574.82
7109,28806638.34
7110,5132054.86
7111,32392728.54
7112,170632268.94
7113,119294249.14
7114,24098986.2
7115,21509510.32
7116,36997667.56
7117,1951918.98
7118,29170483.8
7119,15330173.66
7120,6343005.78
7121,18483431.52
7122,4271455.74
7123,5621995.26
7124,626809737.36
7125,125825828.32
7126,454550488.42
7127,53665339.52
7128,16032218.18
7129,9976644.4
7130,19202091.4
7131,41361173.44
7132,21792118.96
7133,154312933.78
7134,86376698.1
7135,153183838.44
7136,57729260.94
7137,37116149.86
7138,37903823.0
7139,2782523.22
7140,151591979.38
7141,814053.52
7142,29475627.26
7143,70742683.5
7144,3478338.1
7145,41683942.56
7146,5050867.8
7147,43443261.22
7148,26549468.68
7149,7022029.3
7150,15798001.84
7151,36644902.44
7152,120729098.76
7153,5063487.02
7154,38015036.8
7155,240062240.7
7156,10771826.42
7157,101874267.68
7158,3117936.62
7159,5991031.06
7160,5211223.02
7161,68412034.54
7162,268596931.8
7163,20217109.48
7164,674135.4
7165,153382728.12
7166,24787808.86
7167,1193874.56
7168,7630044.84
7169,13960320.84
7170,71724247.6
7171,16008699.06
7172,19190954.86
7173,16480882.64
7174,7247395.18
7175,24723789.22
7176,79613260.44
7177,134309498.34
7178,27433310.94
7179,100423480.46
7180,2708293.88
7181,33484638.06
7182,70323074.9
7183,3334053.48
7184,1130695286.52
7185,43261356.52
7186,38257687.96
7187,148896894.52
7188,46310234.72
7189,22032934.4
7190,14441720.88
7191,2093246.84
7192,77544764.58
7193,16732190.26
7194,242183004.28
7195,37563667.54
7196,49334825.4
7197,13885555.3
7198,21941611.44
7199,12469521.46
7200,83490472.54
7201,14676672.68
7202,28823530.6
7203,3347509.34
7204,99378807.44
7205,293015589.64
7206,137019234.78
7207,417517974.42
7208,52151900.68
7209,21311626.9
7210,1138943.02
7211,6258931.16
7212,53078225.86
7213,64358953.26
7214,286182495.36
7215,120880567.86
7216,155672161.46
7217,2558103.32
7218,47785906.08
7219,10910082.8
7220,79908960.22
7221,39968688.0
7222,123413668.18
7223,20071056.3
7224,10454018.3
7225,2224208.46
7226,81347475.84
7227,91426349.26
7228,22622741.62
7229,56207086.94
7230,13196391.1
7231,24280659.92
7232,309575426.72
7233,231732836.56
7234,287699667.2
7235,49534631.26
7236,159020653.98
7237,51161857.82
7238,7990815.18
7239,818602729.5
7240,77282970.5
7241,135011263.62
7242,47791548.44
7243,12210691.58
7244,44604734.92
7245,4610494.6
7246,11427237.58
7247,51571904.2
7248,84245106.14
7249,3867621.82
7250,2855710.24
7251,31369583.86
7252,39534756.58
7253,30711082.66
7254,113123936.38
7255,6131856.86
7256,7597513.04
7257,23103842.32
7258,22829242.34
7259,10588636.06
7260,3439726.08
7261,493064339.16
7262,3468616.06
7263,70748660.1
7264,6753691.36
7265,6724521.8
7266,46173854.62
7267,1219467.56
7268,1101357.34
7269,57999022.88
7270,144867576.1
7271,10459948.4
7272,35857248.92
7273,12074548.56
7274,16602023.56
7275,25665836.68
7276,6297710.26
7277,218049325.04
7278,410859344.26
7279,310423702.32
7280,86341368.18
7281,42635815.24
7282,40360382.24
7283,245373572.8
7284,9482578.46
7285,103143339.44
7286,232175241.46
7287,14974914.82
7288,8526070.74
7289,99779943.52
7290,38556622.78
7291,90945200.1
7292,17479381.08
7293,31121552.8
7294,31870337.32
7295,72907212.22
7296,667680.08
7297,51347502.28
7298,17120504.54
7299,5237413.48
7300,1903257.86
7301,55505338.1
7302,2186816.62
7303,2178526.9
7304,29881401.62
7305,7108086.92
7306,467517924.64
7307,3128058.0
7308,1800941.24
7309,34973944.96
7310,19597152.84
7311,9339803.12
7312,176767599.7
7313,202282803.52
7314,14626710.44
7315,7814544.48
7316,8908727.68
7317,12492453.4
7318,108557802.6
7319,4836386.28
7320,331780521.72
7321,10682241.72
7322,12545496.88
7323,77113261.62
7324,24207821.04
7325,219504415.58
7326,218701773.24
7327,3649257.36
7328,117730832.72
7329,105152886.72
7330,236324259.9
7331,113970023.24
7332,43345953.82
7333,100748668.36
7334,9517368.78
7335,60281033.46
7336,49974334.56
7337,15904488.6
7338,128587974.32
7339,86911212.06
7340,9755811.3
7341,625315.1
7342,124676515.64
7343,7106853.86
7344,3759257.32
7345,21856095.84
7346,7799076.7
7347,20826650.18
7348,4376379.2
7349,51495903.84
7350,49614369.22
7351,19675761.54
7352,354610.82
7353,12120321.32
7354,710570.42
7355,49242047.54
7356,43745492.14
7357,7923200.54
7358,35070344.22
7359,84131104.2
7360,55339647.6
7361,1292296.6
7362,147596709.28
7363,717887749.68
7364,3060090.7
7365,94168650.5
7366,45280763.36
7367,1078548.92
7368,15148462.48
7369,106671866.68
7370,57498482.72
7371,2544464.8
7372,117156626.12
7373,405238452.96
7374,54872341.72
7375,129424782.16
7376,6344643.14
7377,64958147.18
7378,139421839.82
7379,99109348.84
7380,8850335.52
7381,2234048.84
7382,16300546.08
7383,2394099.26
7384,25835669.24
7385,101865887.62
7386,49472567.56
7387,5995972.7
7388,1107433.64
7389,2269342.22
7390,1268135.18
7391,15181121.78
7392,23151721.9
7393,444349044.14
7394,119730604.8
7395,39773353.04
7396,101026435.18
7397,140153647.38
7398,20927422.14
